Filename,total_score,system_rank,expert_rank_1,expert_rank_2,expert_rank_3
Hari,0.844398824,1,1,1,1
Ilias,0.793872897,2,3,3,4
Albana,0.771281756,3,4,4,3
Winston,0.762581447,4,2,2,2
Jeong,0.653148906,5,6,5,6
Fred,0.641881022,6,5,6,5
Ramika,0.614228592,7,8,7,8
Tamang,0.562104113,8,7,10,9
Ram,0.540085531,9,11,11,10
SP,0.499367752,10,9,8,7
Ramesh,0.489647642,11,10,9,12
John,0.488513014,12,13,13,11
Sita,0.459823658,13,12,14,13
Anil,0.401114037,14,14,15,15
Jaydeep,0.278111574,15,15,13,14
